{"_raw": [{"accuracy": {"E_gmpjpe": 28.43681164085865, "E_mpjpe": 17.32821948826313, "E_dof_mpjpe": 505.97357749938965, "E_dof_vel": 65.69205969572067, "E_dof_acc": 73.22405278682709, "E_vel": 2.9668312054127455, "E_root_vel": 2.446882426738739, "E_acc": 3.222044324502349, "E_root_acc": 2.5684272404760122, "E_contact_acc": 176.50429486032886}, "smoothness": {"L2_vel": 4.720172379165888, "L2_acc": 3.389774588868022, "L2_jerk": 4.646241199225187, "L2_dof_vel": 73.62373173236847, "L2_dof_acc": 38.92476484179497, "L2_dof_jerk": 52.58417874574661, "L2_ref_vel": 4.675037227571011, "L2_ref_acc": 5.1280963234603405, "L2_ref_jerk": 8.666660636663437, "L2_ref_dof_vel": 66.99654459953308, "L2_ref_dof_acc": 53.366076201200485, "L2_ref_dof_jerk": 96.93937003612518}}], "accuracy": {"E_gmpjpe": {"mean": 28.43681164085865, "std": 0.0}, "E_mpjpe": {"mean": 17.32821948826313, "std": 0.0}, "E_dof_mpjpe": {"mean": 505.97357749938965, "std": 0.0}, "E_dof_vel": {"mean": 65.69205969572067, "std": 0.0}, "E_dof_acc": {"mean": 73.22405278682709, "std": 0.0}, "E_vel": {"mean": 2.9668312054127455, "std": 0.0}, "E_root_vel": {"mean": 2.446882426738739, "std": 0.0}, "E_acc": {"mean": 3.222044324502349, "std": 0.0}, "E_root_acc": {"mean": 2.5684272404760122, "std": 0.0}, "E_contact_acc": {"mean": 176.50429486032886, "std": 0.0}}, "smoothness": {"L2_vel": {"mean": 4.720172379165888, "std": 0.0}, "L2_acc": {"mean": 3.389774588868022, "std": 0.0}, "L2_jerk": {"mean": 4.646241199225187, "std": 0.0}, "L2_dof_vel": {"mean": 73.62373173236847, "std": 0.0}, "L2_dof_acc": {"mean": 38.92476484179497, "std": 0.0}, "L2_dof_jerk": {"mean": 52.58417874574661, "std": 0.0}, "L2_ref_vel": {"mean": 4.675037227571011, "std": 0.0}, "L2_ref_acc": {"mean": 5.1280963234603405, "std": 0.0}, "L2_ref_jerk": {"mean": 8.666660636663437, "std": 0.0}, "L2_ref_dof_vel": {"mean": 66.99654459953308, "std": 0.0}, "L2_ref_dof_acc": {"mean": 53.366076201200485, "std": 0.0}, "L2_ref_dof_jerk": {"mean": 96.93937003612518, "std": 0.0}}}